"Table 427-0001 Number of international travellers entering or returning to Canada, by type of transport, monthly (persons)(1,7,10,11)",,,,,,,,,,,,
Survey or program details:,,,,,,,,,,,,
International Travel Survey: Frontier Counts - 5005,,,,,,,,,,,,
Geography,Canada,Newfoundland and Labrador,Prince Edward Island,Nova Scotia,New Brunswick,Quebec,Ontario,Manitoba,Saskatchewan,Alberta,British Columbia,Yukon
Traveller characteristics,Total non-resident travellers,Total non-resident travellers,Total non-resident travellers,Total non-resident travellers,Total non-resident travellers,Total non-resident travellers,Total non-resident travellers,Total non-resident travellers,Total non-resident travellers,Total non-resident travellers,Total non-resident travellers,Total non-resident travellers
Jan-72,1379519,304,0,1278,198620,196989,786211,43216,9985,11335,129337,2244
Feb-72,1431063,596,0,1650,187360,211441,799740,49411,10068,11047,157583,2167
Mar-72,1739676,610,3,2189,202931,229958,992858,61683,12196,17235,217126,2887
Apr-72,2098156,980,6,4944,273350,279912,1240675,65433,13444,17398,197164,4850
May-72,2987394,940,28,7188,304867,320537,1913767,94265,21239,29130,288517,6916
Jun-72,4254545,1056,11,20045,373091,414176,2755526,149606,40536,74636,406225,19637
Jul-72,6987169,1792,224,32220,653754,679577,4526409,230641,56010,146913,620841,38788
Aug-72,6583003,1580,1055,36051,594821,690888,4220257,187559,41738,113724,663382,31948
Sep-72,3628550,1531,279,15891,395301,428347,2225613,104393,25763,48653,370307,12472
Oct-72,2473249,1136,28,10794,328624,362812,1419835,73455,21590,26216,224147,4612
Nov-72,1855704,858,0,2927,267046,248107,1059713,52982,14440,19892,186553,3186
Dec-72,1730150,2167,11,2963,243660,236733,995264,54207,10757,19050,162362,2976
Jan-73,1508870,1408,11,2083,197290,191385,910965,47891,10007,16851,129102,1877
Feb-73,1496932,852,0,2304,183567,211208,863294,44999,10366,17930,160310,2102
Mar-73,1859570,2422,5,2549,237234,249474,1065710,58799,13798,22504,203901,3174
Apr-73,2344516,1303,13,4922,280100,281192,1456766,58729,14829,25481,217677,3504
May-73,3038201,1554,4,7214,317020,334190,1923557,92054,22740,31961,299206,8701
Jun-73,4448501,2483,23,17517,399026,424158,2908084,149580,35170,76430,411031,24999
Jul-73,6896788,3178,128,45255,623377,672571,4424812,232657,45562,159917,649495,39836
Aug-73,6824473,3361,600,43507,577531,709614,4459137,188788,38456,125867,639633,37979
Sep-73,3681081,2253,1042,21118,370461,408863,2310435,111594,23637,55236,358631,17811
Oct-73,2589142,2092,0,8790,318874,353827,1541589,74911,19884,38504,225091,5580
Nov-73,1865690,1046,6,3070,257994,239614,1096167,53333,11487,22466,176733,3774
Dec-73,1735382,1328,2,3353,254365,233704,993955,49553,9252,21169,165300,3401
Jan-74,1428826,1522,0,1742,194851,192670,846068,39456,8846,15744,125906,2021
Feb-74,1479261,1013,0,1897,184883,220763,857993,38970,8560,17388,145810,1984
Mar-74,1773884,1077,0,2553,196268,229197,1066241,47675,11842,21263,194503,3265
Apr-74,2186514,1349,4,4246,216756,259937,1400457,50003,12990,26638,210014,4120
May-74,2951718,1352,7,7539,248754,304864,1968098,70686,19475,34198,288266,8479
Jun-74,4236090,2542,23,19564,311161,409833,2799041,133523,32254,77106,426884,24159
Jul-74,6320431,2434,565,42191,439661,594203,4242728,180251,38680,129917,614108,35693
Aug-74,6765296,3010,585,49803,435976,691588,4537426,169205,34329,100429,708465,34480
Sep-74,3211782,2109,795,18984,273250,374089,2019983,76505,20572,47902,359633,17960
Oct-74,2439716,1425,2,8879,229194,332332,1528838,59383,18253,26758,228191,6461
Nov-74,1890138,1055,7,3268,202559,239402,1180427,47708,12932,21383,177686,3711
Dec-74,1713754,1235,0,4051,217607,228553,1013186,47664,12137,20050,165491,3780
Jan-75,1455230,905,0,2707,172059,195148,892560,36923,9460,15152,127942,2374
Feb-75,1454913,1265,3,2496,165075,205365,888726,38088,9029,12628,129572,2666
Mar-75,1842890,1107,21,2577,197787,224651,1132549,44074,11800,17973,206638,3713
Apr-75,1861161,1006,4,3859,203788,216893,1154080,45504,10172,20679,200072,5104
May-75,3127165,859,9,7119,264522,309367,2097834,84174,20017,39615,294135,9514
Jun-75,4343860,1743,10,21818,319941,400404,2862849,162877,32100,84687,432576,24855
Jul-75,6286320,2685,465,46001,482910,562603,4145234,197385,42715,160321,606549,39452
Aug-75,6589034,2287,1072,48412,490548,630948,4369064,169859,36764,127892,675373,36815
Sep-75,2931139,2005,366,20861,268241,321227,1808081,74749,20585,52781,343075,19168
Oct-75,2429405,1293,10,8802,237481,311164,1534352,60759,19057,29852,219924,6711
Nov-75,1912627,690,5,2755,213375,232345,1211183,47980,12432,21723,165842,4297
Dec-75,1676053,633,0,3076,201145,217739,1011451,44158,10059,23064,160401,4327
Jan-76,1422130,732,0,1972,173891,179453,851314,39245,9218,18072,145406,2827
Feb-76,1452947,714,5,1380,158934,192816,886073,39142,9977,18657,141839,3410
Mar-76,1580295,863,0,2411,171906,190905,968773,41463,9692,21379,168877,4026
Apr-76,2126663,898,3,3122,208876,258391,1362317,53643,13928,25366,195124,4995
May-76,2881071,1195,3,7294,240102,294556,1884629,92099,20871,46379,283522,10421
Jun-76,3857986,1440,21,16935,281152,323555,2559031,137756,33199,80442,398573,25882
Jul-76,6070231,2849,60,42119,439387,708679,3889602,191277,41385,146402,568897,39574
Aug-76,5690906,2480,59,42906,392067,512243,3789957,155343,33421,123555,601683,37192
Sep-76,3253348,1519,75,19662,265010,342514,2058887,111404,23000,61414,350531,19332
Oct-76,2285357,1065,10,7395,229458,286416,1431442,71549,19524,26302,205023,7173
Nov-76,1648157,620,8,2123,185998,196857,1027022,49374,10725,16521,153889,5020
Dec-76,1539141,919,6,2678,179421,195380,930968,44239,10199,20710,150776,3845
Jan-77,1226023,878,5,1664,154521,155651,716538,34565,7978,17679,133112,3432
Feb-77,1307006,593,7,1439,148865,177168,758885,40190,9838,17713,149218,3090
Mar-77,1643109,951,0,1670,175898,184356,1011009,51880,11609,20836,180434,4466
Apr-77,2092445,1191,9,2453,205365,249388,1325229,56373,14031,23575,209880,4951
May-77,2909356,878,7,9038,244377,279394,1936299,93758,21978,33900,280025,9702
Jun-77,3760218,2083,174,18433,268496,317274,2489445,136942,31497,80785,391258,23831
Jul-77,6022633,2379,82,37528,454793,528593,4068277,162014,40425,131555,562559,34428
Aug-77,5513363,3635,87,36680,396399,476360,3720154,122447,33592,102070,586677,35262
Sep-77,3234261,5310,18,22308,264187,324687,2079411,84788,21914,52343,359492,19803
Oct-77,2280276,12587,8,11701,227185,262364,1426943,64799,18985,24963,224131,6610
Nov-77,1676398,1293,3,2276,194364,193722,1054926,37687,10068,14639,163584,3836
Dec-77,1533407,881,1,3074,189919,193952,912940,34919,7894,19827,166453,3547
Jan-78,1138895,817,2,1687,155041,145147,648320,32556,7308,13766,131699,2552
Feb-78,1347061,340,10,1470,164879,182080,788260,32319,6675,13097,155012,2919
Mar-78,1750784,934,4,2066,184925,202449,1087575,43575,10245,20305,194686,4020
Apr-78,1897529,1442,35,2751,197694,220478,1183327,43228,10805,20126,211755,5888
May-78,2795516,1924,9,6255,237372,271952,1838110,75645,19771,30518,305069,8891
Jun-78,3941941,2057,43,18183,284502,320141,2641286,114384,31043,76535,429671,24096
Jul-78,5988980,3186,77,39011,432500,547495,3982775,150875,39434,135360,615775,42492
Aug-78,5580176,3087,89,37484,375703,463464,3789716,116793,31097,106831,614476,41436
Sep-78,3206556,1893,100,25383,253231,323170,2066440,83301,18657,48127,364301,21953
Oct-78,2271452,13977,21,10582,203770,253090,1446621,52864,16822,27128,238369,8208
Nov-78,1722945,1350,63,2212,178121,194310,1095626,31653,8966,15332,189572,5740
Dec-78,1628987,1418,8,3202,180529,196808,1007353,32622,8044,19621,175170,4212
Jan-79,1221913,1008,0,1532,143435,145317,743598,28424,6753,13343,135113,3390
Feb-79,1308706,881,16,1191,139761,172148,790091,33960,6638,15009,146452,2559
Mar-79,1715559,1043,6,2019,170168,188834,1101021,31825,8479,20742,187205,4217
Apr-79,1968498,1889,11,2437,185871,218393,1282759,31676,8959,22905,208662,4936
May-79,2663695,1791,40,5954,209022,252862,1784502,53129,14671,33564,298687,9473
Jun-79,3955764,2304,18,14270,250268,326171,2677421,110081,28753,72208,443526,30744
Jul-79,5444248,2819,71,36990,352297,443778,3718278,123058,33191,114473,577967,41326
Aug-79,5480617,2503,49,40131,316474,449102,3766921,103245,26725,98001,637593,39873
Sep-79,3315989,2846,7,24461,233479,325248,2194008,60547,16233,53469,383549,22142
Oct-79,2379681,1413,29,10198,198594,259718,1546732,43424,14599,29360,268251,7363
Nov-79,1900355,872,26,2290,176295,195680,1253520,30795,9401,17973,210856,2647
Dec-79,1847197,1213,12,3210,186276,201439,1181349,32143,8476,22803,208226,2050
Jan-80,1617599,1389,12,1704,156304,163917,1077163,26672,6262,15613,166916,1647
Feb-80,1858843,1176,0,1763,167528,200258,1235740,30698,7377,19010,193611,1682
Mar-80,2172810,675,35,2286,184522,196776,1482510,34950,8982,22223,236972,2879
Apr-80,2643016,868,8,2827,224508,242543,1856619,38760,9228,23201,241037,3417
May-80,3721001,974,0,6983,261854,307351,2641269,78558,18108,36512,362208,7184
Jun-80,4589514,1047,29,18848,302147,368163,3194831,114278,28733,74865,462456,24117
Jul-80,6244420,1762,71,36990,418679,519797,4336016,131792,35111,124641,603499,36062
Aug-80,6555342,1993,76,36459,409134,549024,4616073,119754,25849,101277,661633,34070
Sep-80,3682289,1294,34,23400,270388,326340,2549281,64184,14454,51711,365055,16148
Oct-80,2975004,845,4,8706,243297,296192,2058598,49707,12978,30514,269558,4605
Nov-80,2373851,741,2,1889,211338,201302,1672033,36413,8681,20843,217654,2955
Dec-80,2230318,805,13,2238,213931,207459,1532466,37218,8335,26792,198754,2307
Jan-81,2076319,467,1,1489,199289,177686,1441189,31793,7927,22122,192285,2071
Feb-81,2369408,580,3,1336,212264,202730,1689634,31567,7774,24878,196866,1776
Mar-81,2989666,810,22,1723,236147,214929,2206167,40803,10117,29185,246916,2847
Apr-81,3154205,941,20,2477,253481,251862,2314152,41873,11312,28639,246275,3173
May-81,4038242,921,13,6988,300835,298400,2947909,72991,17794,43140,341315,7936
Jun-81,4571875,1483,19,20499,316324,329535,3221266,106754,28795,81034,438128,28038
Jul-81,6201347,1964,64,39076,446351,480451,4297023,139329,34801,127078,594594,40616
Aug-81,6209644,2129,50,38979,402122,494104,4362465,112932,27431,101912,623814,43706
Sep-81,3580721,1306,55,25824,267854,332218,2400977,71343,17880,58169,386436,18659
Oct-81,2708071,1277,23,8184,240808,271580,1839184,49682,13492,29045,248466,6330
Nov-81,2107412,647,6,1784,200444,183369,1455276,34859,8820,20081,199021,3105
Dec-81,1946538,936,0,2541,208450,189229,1292484,35344,8850,25203,180569,2932
Jan-82,1474383,577,0,1394,163835,141880,981011,23005,5792,18407,136087,2395
Feb-82,1531236,494,9,1090,161297,158210,992819,27484,6962,21860,159048,1963
Mar-82,1737722,1003,1,1798,173728,167052,1133702,33247,7982,23121,192718,3370
Apr-82,2068279,775,10,2207,180685,213684,1382648,34075,9269,23539,217175,4212
May-82,3034382,786,26,7993,211537,266255,2123934,56594,14992,37913,304730,9622
Jun-82,3792995,1343,7,16070,237616,291603,2591944,103990,26908,84141,412612,26761
Jul-82,5844355,1606,51,34781,366183,475573,4039620,133959,34657,131992,582970,42963
Aug-82,5541171,1739,42,34908,316503,463716,3862719,101833,29334,102586,588213,39578
Sep-82,3275825,1421,22,21669,225406,310505,2194606,62047,16497,53767,371533,18352
Oct-82,2499791,1368,4,9161,203568,261730,1697802,45517,13501,26069,234391,6680
Nov-82,1801493,707,7,1722,162111,180972,1209433,27743,8443,17036,190022,3297
Dec-82,1804869,481,9,2312,175608,193524,1178200,31770,7821,21720,190545,2879
Jan-83,1498288,372,1,1253,149051,142454,983339,26664,7839,15957,169018,2340
Feb-83,1535919,766,2,1017,135690,158781,1006779,25536,7722,17316,180113,2197
Mar-83,1839687,445,21,1891,155229,165809,1222727,33426,8377,22236,226419,3107
Apr-83,2159471,713,8,2177,169462,202368,1460924,31999,9960,23324,253812,4724
May-83,2868121,816,10,8593,192939,257766,1975376,55259,14026,34203,319941,9192
Jun-83,3847168,1250,68,17442,223069,292875,2659656,94801,25901,80183,423547,28376
Jul-83,5758986,1572,41,41178,354498,452408,3953911,127443,34540,133152,604644,55599
Aug-83,5435603,1892,38,41703,284015,419341,3798278,94441,24858,100791,628219,42027
Sep-83,3409150,1045,21,27509,210323,304582,2321390,64911,16343,50931,390690,21405
Oct-83,2432948,668,51,10559,186101,254662,1648137,44292,12854,25479,243489,6656
Nov-83,1790155,385,2,3152,142071,167662,1235958,27064,8088,18343,183801,3629
Dec-83,1680012,202,2,3354,155845,173583,1095106,26977,6671,21815,193042,3415
Jan-84,1429713,171,0,2087,128583,138149,943967,27156,7381,14958,164845,2416
Feb-84,1576265,401,0,1718,128548,169909,1041723,26495,7874,18345,178844,2408
Mar-84,1759401,712,31,2202,136319,164287,1170303,32839,7882,21168,219084,4574
Apr-84,2143847,469,6,3472,158857,209178,1466577,30807,9068,21588,238731,5094
May-84,2862749,494,16,7067,174667,257990,1997392,52328,14475,34601,313805,9914
Jun-84,4055692,864,18,20449,211366,322047,2800859,101469,27902,76341,460942,33435
Jul-84,5664781,1381,70,40248,313341,443284,3932864,114159,30907,122931,611434,54162
Aug-84,5640899,1402,602,41430,287264,437422,3936704,93507,24251,104895,665637,47785
Sep-84,3359186,772,1016,21536,201800,306846,2262946,65661,13168,47367,417584,20490
Oct-84,2470318,537,8,11232,168692,255177,1714302,39114,10643,24824,238251,7538
Nov-84,1992384,434,4,2777,149995,190709,1379233,29129,8018,16688,211063,4334
Dec-84,1909746,440,0,3562,156865,188613,1307637,28368,6877,21950,191519,3915
Jan-85,1433526,226,0,2012,132439,147690,937974,22190,6433,16808,164821,2933
Feb-85,1481016,414,2,1912,128597,162620,963541,24646,6687,16879,172829,2889
Mar-85,1998905,268,29,2552,159757,179084,1336982,33824,8910,23518,249877,4104
Apr-85,2226571,290,1,3280,156183,213817,1527548,34523,9188,21692,255403,4646
May-85,3106593,618,21,7935,178135,270094,2149742,63921,14982,36495,374113,10537
Jun-85,4203822,928,14,23161,210694,326578,2877148,116193,27509,80784,504775,36038
Jul-85,5787768,1685,169,43468,317810,484946,3915047,127396,32650,121779,679944,62874
Aug-85,5910665,1602,218,44994,294647,473368,4089188,102804,23558,103543,721529,55214
Sep-85,3333010,998,29,28183,209599,288683,2249262,54190,13476,45894,419546,23150
Oct-85,2581920,313,17,12803,178020,271616,1793866,39810,11187,24278,242685,7325
Nov-85,2000359,408,0,2831,151855,203248,1404408,27912,7502,16022,181700,4473
Dec-85,1861262,300,0,3109,164705,194152,1236818,28217,7490,23984,198277,4210
Jan-86,1681562,326,0,1932,132094,159658,1141353,27597,7429,18195,190029,2949
Feb-86,1654291,633,13,1798,133989,183284,1089655,27503,7533,18019,188708,3156
Mar-86,2213195,481,13,2647,152473,201900,1510575,34257,9121,24104,273108,4516
Apr-86,2284816,843,10,2855,157515,222609,1565913,34762,7830,22037,265807,4635
May-86,3571555,1493,16,10902,184740,292302,2249851,56952,15922,38251,708695,12431
Jun-86,4636495,960,32,24787,221438,343805,2834265,101138,28313,76672,964251,40834
Jul-86,6501464,1578,289,45811,324172,479206,4115979,121495,34017,133374,1180950,64593
Aug-86,6713247,1244,66,46033,314387,538598,4218713,101624,27506,107228,1300356,57492
Sep-86,3874261,1527,27,38762,209669,306189,2210147,47974,13075,52127,969155,25609
Oct-86,2934471,1395,25,13418,186045,282785,1864317,39127,11924,25928,500838,8669
Nov-86,2182073,744,9,3302,154105,207228,1540768,23361,6557,17150,223331,5518
Dec-86,2211911,1396,3,3799,167412,209956,1527100,31019,8155,26426,231833,4812
Jan-87,1795404,703,12,2017,135543,170230,1222074,26957,7799,20545,205787,3737
Feb-87,1824997,1169,5,2188,130711,190804,1220465,24891,7471,23166,220412,3715
Mar-87,2145797,1286,29,3236,146641,192522,1470773,30780,8000,26485,260988,5057
Apr-87,2491812,1764,10,3762,172442,230804,1717810,32020,9488,26228,291429,6055
May-87,3552979,1848,5,9385,200673,318740,2474480,70820,15535,40431,408319,12743
Jun-87,4310144,2634,73,24968,222873,348326,2911470,104117,27880,86853,541292,39658
Jul-87,6156736,2755,223,45385,340641,511967,4175476,113637,36307,133996,732852,63497
Aug-87,6149930,2623,141,48632,332518,519233,4144699,94438,27500,110867,813217,56062
Sep-87,3835779,2758,162,36671,233772,360027,2556130,56767,15255,58614,491739,23884
Oct-87,2863164,2099,11,17617,193267,298967,1947492,42949,11966,30529,309920,8347
Nov-87,2227605,1476,11,2361,163924,202828,1552706,28583,8286,21810,240819,4801
Dec-87,2240903,1245,3,3103,174491,219979,1524801,30615,9360,27390,245485,4431
Jan-88,1949129,1637,7,1829,141783,185112,1338762,23128,7284,21101,224991,3495
Feb-88,1808668,1332,21,2111,131189,197511,1137734,25974,8210,59669,241401,3516
Mar-88,2159843,1409,51,2813,152408,207149,1448680,32940,8650,30541,270228,4974
Apr-88,2501711,1106,2,3272,173998,253561,1695608,36509,9972,25944,296514,5225
May-88,3414536,2142,20,11179,204537,320505,2333027,62460,14710,44008,410357,11591
Jun-88,4238452,1464,127,25774,234169,353456,2843102,98760,28243,90727,524852,37778
Jul-88,6332661,2161,276,48359,361017,543710,4254947,107708,36925,150018,767053,60487
Aug-88,5766725,2492,161,50579,329731,481687,3830469,89162,27968,116319,788035,50122
Sep-88,3840328,1941,250,37028,233068,366511,2527479,57103,14101,61931,518777,22139
Oct-88,2822951,1335,30,16808,194707,289864,1935078,41425,10650,31539,294323,7192
Nov-88,2209289,1417,13,3103,163055,213926,1505486,28923,7966,20138,260765,4497
Dec-88,2208622,990,0,4005,172077,222163,1459403,29455,7385,28183,280703,4258
Jan-89,1846990,551,5,2216,143232,177078,1253389,25596,5556,18996,217177,3194
Feb-89,1727992,537,19,2321,130450,201394,1137642,24932,5862,20087,201814,2934
Mar-89,2254372,777,55,3304,153710,206128,1544723,36281,7259,28614,269458,4063
Apr-89,2351285,933,9,3775,160069,229495,1569233,34543,7719,27395,312673,5441
May-89,3236981,1124,14,14872,190221,300181,2181219,61637,12919,45267,418366,11161
Jun-89,4186788,1180,43,30101,233717,377828,2721379,102672,25576,90329,568332,35631
Jul-89,5913137,1968,106,51112,366637,503252,3855755,126775,35471,139920,772339,59802
Aug-89,5708564,3349,73,53512,319367,473401,3781239,98011,25051,112947,792596,49018
Sep-89,3781300,2770,39,39726,248309,362048,2445049,65731,14229,64655,518846,19898
Oct-89,2764604,2026,16,18811,206427,282595,1855384,44351,11214,31324,305004,7452
Nov-89,2156081,1415,0,3732,166569,199772,1462580,30609,7513,22261,257785,3845
Dec-89,2053831,1014,2,4439,172017,213551,1313830,33184,7891,27775,275787,4341
Jan-90,1852514,1713,2,2499,145626,172880,1240253,31671,8065,21144,225549,3112
Feb-90,1721936,1492,7,2569,139723,190483,1115739,27987,7826,21137,212009,2964
Mar-90,2216404,1265,10,3790,164047,202968,1466770,37994,8360,28096,297844,5260
Apr-90,2465442,2241,7,4362,175200,231893,1640636,31812,9378,27832,335665,6416
May-90,3244040,1854,15,13815,209090,291661,2158166,55245,14132,44395,443940,11727
Jun-90,4278689,2464,154,28213,247110,372875,2787850,91379,27621,89030,596296,35697
Jul-90,5635015,3547,61,46062,342229,502644,3603111,111458,35984,147711,783254,58954
Aug-90,5773933,2880,96,48699,323914,505767,3746713,91247,27584,113271,861517,52245
Sep-90,3652984,1776,23,40976,229478,341950,2333618,59661,14908,61530,546632,22432
Oct-90,2761067,1745,15,18275,186602,269341,1875048,43530,10150,30695,318037,7629
Nov-90,2242776,1130,8,3399,154258,194643,1560105,32438,6979,21030,264810,3976
Dec-90,2145670,1732,5,4215,169490,209248,1451355,28035,6200,27577,244423,3390
Jan-91,1686542,2079,0,2549,143088,148418,1119607,23867,5172,20555,218533,2674
Feb-91,1812730,1682,11,2578,138389,179469,1165326,28498,7046,23114,263922,2695
Mar-91,2270457,1949,0,3198,154595,196390,1521129,37489,7548,31018,312476,4665
Apr-91,2289734,1576,10,4035,155643,214228,1525501,31655,7037,24186,320912,4951
May-91,3226032,1784,0,15059,188225,290591,2170951,52752,11975,42678,440186,11831
Jun-91,4214189,2450,55,26840,224375,354831,2786959,78668,25826,93562,584925,35698
Jul-91,5457756,3195,198,45647,304297,472509,3492446,95060,32778,134615,819848,57163
Aug-91,5683747,4391,105,48056,290783,504552,3653641,91628,30303,114740,893539,52009
Sep-91,3460443,2440,93,41618,209380,298054,2227117,46089,14618,64392,533316,23326
Oct-91,2633076,1720,36,21909,170882,264489,1737731,35847,10747,31152,350919,7644
Nov-91,2010467,1298,13,3502,143653,192634,1353999,26490,7009,19657,258143,4069
Dec-91,2072516,1264,0,4079,143968,185160,1380763,30038,6916,28587,287939,3802
Jan-92,1769683,942,0,2326,121767,151896,1187620,23703,6486,20622,251388,2933
Feb-92,1837686,1694,7,2534,122069,172904,1197444,27007,8291,22739,280234,2763
Mar-92,1994810,1407,31,3395,134335,167302,1310750,30975,7361,29106,305962,4186
Apr-92,2286785,1346,0,4189,135173,208075,1542046,31053,7149,27829,324846,5079
May-92,3190872,2318,27,13196,173890,275130,2130409,53134,14304,47782,467327,13355
Jun-92,3934542,2052,62,24782,194963,330858,2530705,77439,23147,102057,608200,40277
Jul-92,5277347,3105,135,40593,283266,462438,3339331,95127,27863,145699,810078,69712
Aug-92,5203691,3643,127,44117,266033,480602,3280898,81267,24717,116289,846872,59126
Sep-92,3434786,4685,157,37680,184881,336625,2184330,47610,12235,64330,537721,24532
Oct-92,2656638,1356,34,21628,165490,263714,1789797,37049,10836,33339,327050,6345
Nov-92,2051275,1246,23,3122,133132,172927,1415415,24543,6366,23160,267185,4156
Dec-92,2092688,1979,8,4381,144084,196740,1389249,26644,7954,32773,285117,3759
Jan-93,1781569,1782,10,2191,109770,160892,1204018,26773,6257,23348,243344,3184
Feb-93,1722853,1134,25,2382,113680,174106,1102694,25483,6399,24599,269436,2915
Mar-93,1899985,1670,27,2680,128529,158725,1223763,30053,6678,31682,311690,4488
Apr-93,2292506,1367,18,4726,143753,219810,1501721,31712,7822,29673,346812,5092
May-93,3151381,2769,30,13300,174988,282744,2057921,51418,13079,54075,485954,15103
Jun-93,3882762,2373,420,27794,200978,344323,2443207,82198,23930,105649,610143,41747
Jul-93,5522246,4224,1334,51622,299187,482543,3502497,96951,28420,152754,831058,71656
Aug-93,5304015,3266,1298,52841,269624,463762,3386263,81880,22971,121901,842986,57223
Sep-93,3569714,2426,416,36506,195184,345411,2248246,49481,12903,69480,584470,25191
Oct-93,2716899,2079,27,14837,166479,288417,1788093,38793,11573,35243,364206,7152
Nov-93,2054485,1652,9,3052,135021,182198,1402755,25841,7598,24199,267409,4751
Dec-93,2202046,1391,5,4728,135103,199003,1467341,30874,8103,32966,319301,3231
Jan-94,1642424,1466,8,2218,111753,136457,1063927,24983,5694,21913,270917,3088
Feb-94,1755597,1689,15,2299,112742,174542,1120990,29246,5662,26060,279346,3006
Mar-94,2076269,1752,19,3108,122823,177237,1345523,36956,8293,35584,341356,3618
Apr-94,2354311,2111,4,3330,138258,217144,1549854,33458,8151,28498,368170,5333
May-94,3255477,2547,9,12577,155933,292077,2141076,53466,12844,50147,520038,14763
Jun-94,4200278,3016,75,24950,179348,338757,2709212,85564,23961,107371,683471,44553
Jul-94,5938381,4731,552,46483,273550,492554,3852373,96043,31633,158999,912263,69200
Aug-94,5550503,4481,943,48377,242494,459600,3598951,73213,25624,127907,908668,60245
Sep-94,3964188,4567,27,38440,182075,355690,2568893,47740,13903,77190,648079,27584
Oct-94,3035883,2592,20,19215,153946,294344,2068934,38585,11818,36572,402702,7155
Nov-94,2382800,2393,15,3258,122452,181705,1698889,26832,8322,26923,307804,4207
Dec-94,2494672,1551,0,5088,129776,212164,1708541,30366,8338,38634,356365,3849
Jan-95,2034010,1625,0,2660,109186,158725,1388326,27163,6210,27207,309246,3662
Feb-95,2069193,1692,12,2509,104488,195587,1382591,26172,6541,32149,314259,3193
Mar-95,2344959,2059,65,3243,124020,198421,1551130,35052,7823,40553,377776,4817
Apr-95,2749245,1920,4,3835,133945,233239,1864097,33522,8914,35261,428703,5805
May-95,3544194,2736,14,15726,149311,294257,2367449,50974,13645,56706,576953,16423
Jun-95,4519384,3125,145,30166,191333,380996,2911222,85067,25997,114552,730623,46158
Jul-95,6101331,4665,342,51645,271310,517936,3919256,94523,32109,170355,969806,69384
Aug-95,5895101,4802,817,57575,246838,498676,3795382,80906,25228,140267,983394,61216
Sep-95,4230453,3838,11,42642,187025,387881,2704823,51325,15792,93462,714821,28833
Oct-95,3159901,3943,49,22777,154463,303890,2141772,41009,13040,43724,426367,8867
Nov-95,2442519,2728,7,4588,121619,197044,1700571,26937,9507,31966,342502,5050
Dec-95,2566622,1849,0,5897,131141,212909,1719572,32359,9016,47217,402782,3880
Jan-96,2073072,1887,2,2715,105802,157369,1445965,23238,6541,31916,294367,3270
Feb-96,2292839,2456,8,3405,106410,202449,1539822,27465,7444,40651,359374,3355
Mar-96,2653757,2487,16,4171,123451,210358,1778827,35887,8367,53303,431622,5268
Apr-96,2843038,2343,7,4939,127040,233305,1941930,35721,9339,42535,439440,6439
May-96,3791533,2862,18,20028,153412,307871,2522131,51646,14193,69099,633433,16840
Jun-96,4809994,2964,17,30196,196603,379865,3104989,86160,26601,121757,816857,43985
Jul-96,6067649,3423,38,50422,263796,512769,3837492,94659,36549,173404,1027128,67969
Aug-96,6241234,3844,58,54872,262590,526517,4002920,92824,30036,145312,1062207,60054
Sep-96,3979988,5969,1357,34983,172227,358677,2507951,53950,16890,93580,708500,25904
Oct-96,3235881,4002,308,20631,162923,303842,2191997,42516,14568,49680,438532,6882
Nov-96,2557726,2405,1,4030,129963,200646,1799081,29317,10398,32751,344720,4414
Dec-96,2709747,1702,1,4979,136985,218672,1909244,27119,8782,48300,350388,3575
Jan-97,2238845,1578,4,2180,108212,176019,1545552,22861,6131,37455,335730,3123
Feb-97,2440987,2585,2,2305,109116,202024,1669461,27949,7817,43840,372246,3642
Mar-97,2880830,2413,20,3011,119988,204092,2016291,32851,8247,57184,431496,5237
Apr-97,2928669,2298,13,3913,131560,223292,2038080,24006,9166,39521,451101,5719
May-97,3980642,2599,42,16219,156793,297421,2683615,46673,14840,70187,674565,17688
Jun-97,4783026,5306,44,31918,194791,363045,3075468,89062,26836,124152,826760,45644
Jul-97,6271199,6332,6,53214,271775,488408,3979584,112178,32829,172742,1082531,71600
Aug-97,6448931,4918,73,58803,265720,508885,4126433,103997,26252,143816,1147216,62818
Sep-97,4084412,7171,33,48305,177902,343854,2601824,49396,15546,94493,717385,28503
Oct-97,3410418,3468,19,26728,161520,304168,2344569,42068,14656,48251,457207,7764
Nov-97,2746984,2538,9,3195,126038,194867,1951238,28040,11222,34790,390267,4780
Dec-97,2861225,2484,0,5437,126861,229082,1958758,35358,10642,52183,436294,4126
Jan-98,2497602,2477,3,2816,104705,161525,1779704,26820,7577,38592,369662,3721
Feb-98,2650729,2497,28,3275,116006,208263,1823988,28383,7981,44444,411485,4379
Mar-98,2776877,2594,14,3850,119380,197355,1894222,34611,8600,51572,459133,5546
Apr-98,3114238,2965,6,7347,130458,244640,2135565,36711,10712,47725,492061,6048
May-98,4103534,4054,3,20400,159534,308028,2739827,64219,17919,74114,694382,21054
Jun-98,4981655,5185,59,42205,197896,378134,3206974,83615,27766,130634,854862,54325
Jul-98,6523395,7073,143,61464,276814,507988,4153470,107383,35644,185416,1108756,79244
Aug-98,6669370,6276,111,73467,274789,525584,4251239,90373,29012,159015,1187150,72354
Sep-98,4629108,5519,30,49264,203963,391914,2931496,57989,17339,102515,835729,33350
Oct-98,3823445,3740,14,34245,173946,349542,2603662,51972,17666,60695,518914,9049
Nov-98,3087191,2897,15,4271,136738,230698,2198666,33712,10707,37952,426349,5186
Dec-98,3206585,2834,32,5705,146838,262024,2193324,36875,10784,57726,486135,4308
Jan-99,2390240,2113,3,3007,113796,186191,1561837,30636,7608,43662,437374,4013
Feb-99,2769136,2284,6,3566,120620,242124,1833094,32292,8453,49058,474110,3529
Mar-99,3009928,3354,28,4524,132194,235820,1993361,39396,9353,63559,522976,5363
Apr-99,3405892,3366,4,5951,145961,281943,2302222,39915,10240,46809,563087,6394
May-99,4272012,4501,19,16891,173783,341363,2793262,59642,17103,77313,766778,21357
Jun-99,5085442,5147,29,41752,211357,402207,3235117,88375,27282,131289,884844,58043
Jul-99,7006165,5804,108,71660,296609,563196,4453199,117472,35752,192845,1183212,86308
Aug-99,6461759,5841,114,91193,274586,550388,4055034,86556,26615,156027,1139938,75467
Sep-99,4684970,7859,12,65818,213175,412773,2919341,57572,18479,110621,842005,37315
Oct-99,3813969,3669,27,36265,176211,359715,2588463,48338,17480,57173,517798,8830
Nov-99,3104939,3747,9,5781,144791,256064,2148234,38627,12996,40883,449356,4451
Dec-99,3051031,2964,8,8282,158522,280894,2000319,42210,13543,53012,487744,3533
Jan-00,2564365,2754,6,3269,113891,212622,1720112,34417,7757,44820,421153,3564
Feb-00,2776276,3269,0,3232,121210,258048,1807233,36674,8397,50947,483634,3632
Mar-00,3100653,2695,19,4367,139458,255084,2039927,40623,10245,65345,536754,6136
Apr-00,3441617,3273,10,6438,149061,288291,2301314,39170,10482,51205,585532,6841
May-00,4195367,4117,7,20586,172321,343594,2711746,61118,18082,75419,764464,23913
Jun-00,5146386,6165,163,48886,219351,450150,3174917,89588,27481,134100,937631,57954
Jul-00,6668533,7897,131,75067,311530,573553,4085798,112644,33238,185183,1201061,82431
Aug-00,6304853,7438,123,81265,297188,552177,3870380,91500,28173,151973,1152439,72197
Sep-00,4749119,8734,31,59702,228895,435135,2942166,58474,19520,102043,858123,36296
Oct-00,3682432,4714,1246,30520,171330,356208,2471488,49858,17262,55774,515514,8518
Nov-00,2969891,3377,5,5960,145231,255553,1995789,35437,11395,41022,471927,4195
Dec-00,3038015,2354,4,7203,146932,280747,1933068,39080,11186,60330,553495,3616
Jan-01,2711389,2758,4,3356,125151,220826,1804294,35246,8013,46040,461985,3716
Feb-01,2801484,2427,5,3850,116854,268136,1825028,34466,7827,49362,489800,3729
Mar-01,3252550,3733,6,4174,135529,265273,2139366,46749,10227,64152,578223,5118
Apr-01,3455446,3570,6,5617,149983,290766,2302977,37392,11204,51515,595715,6701
May-01,4293937,4893,30,32359,173770,363567,2762420,57372,15631,75447,785905,22543
Jun-01,5430183,5039,32,55081,227937,449341,3427597,90802,28079,128759,961223,56293
Jul-01,6854300,5790,98,75603,304403,588418,4275689,110661,30070,183774,1200342,79452
Aug-01,6731432,6620,125,77441,303642,597399,4169857,91817,26938,158952,1227403,71238
Sep-01,3614253,24493,311,65658,189662,349022,2087651,53914,16116,87046,704845,35535
Oct-01,2692577,6292,14,46627,151055,299820,1665555,44962,13803,47804,407994,8651
Nov-01,2510445,5663,0,3742,138104,239843,1639940,38341,11947,37808,390144,4913
Dec-01,2798651,3643,10,5394,158018,284521,1721091,41654,11614,59896,508957,3853
Jan-02,2346588,3931,7,2998,122951,221095,1500965,32898,7555,42904,407182,4102
Feb-02,2522409,3959,0,3190,120756,279541,1562979,32872,8267,47294,459890,3661
Mar-02,2993018,4351,9,3809,141005,294513,1916911,46267,9581,62549,508032,5991
Apr-02,2971116,4491,30,4481,143672,296358,1919415,38790,10432,43790,503170,6487
May-02,3852637,4543,20,25468,168141,368034,2409236,58287,16369,71628,709606,21305
Jun-02,4784577,9892,1308,44335,212635,432756,2896484,87371,26471,114955,901066,57304
Jul-02,6154626,7999,116,72857,287761,591254,3690958,105588,29553,178751,1109995,79794
Aug-02,6256102,7982,219,71582,292834,609777,3774335,89334,25552,148413,1163593,72481
Sep-02,3987390,13992,101,70946,195857,380395,2379429,53651,17447,93496,745878,36198
Oct-02,3325417,5501,67,42481,168909,354239,2122339,50422,15480,53229,503286,9464
Nov-02,2761005,5627,0,3959,137531,254744,1823341,40371,13374,38088,438921,5049
Dec-02,2941375,3585,14,5703,146548,308991,1835176,42645,12322,61908,520198,4285
Jan-03,2391075,3820,9,2552,118043,233415,1500106,37331,8066,46606,437495,3632
Feb-03,2333943,2434,3,3801,106710,279184,1401846,33134,7710,50508,444087,4526
Mar-03,2475616,2620,6,3746,122572,249949,1533920,41157,8851,58690,448769,5336
Apr-03,2408901,3078,7,6136,135219,261116,1455313,34923,9794,48428,448328,6559
May-03,3097651,4407,0,21708,158685,314813,1824468,60777,16304,63622,611311,21556
Jun-03,3993119,6979,86,40840,187978,385343,2304402,83490,24245,117334,783769,58653
Jul-03,5303604,6877,60,67157,260998,504674,3075284,93389,26576,166460,1024837,77292
Aug-03,5454479,7152,101,73317,269931,533636,3143627,79733,23293,130837,1118751,74101
Sep-03,3453640,6458,416,82991,175420,335083,1977956,49025,16623,81357,690004,38307
Oct-03,2994876,6026,20,51509,159882,334523,1864648,49066,15259,51228,454231,8484
Nov-03,2432472,3821,0,4951,129311,243400,1569412,33824,11472,38634,393165,4482
Dec-03,2563255,2716,4,6056,130092,278354,1553550,37877,10773,59387,480524,3922
Jan-04,2005306,3341,5,2723,107501,213029,1213940,27071,6186,41415,387008,3087
Feb-04,2233225,2624,10,2964,110355,258024,1343797,29008,6614,48753,427530,3546
Mar-04,2377627,3046,2,3435,118679,245958,1443177,37524,8333,56783,455630,5060
Apr-04,2546812,3451,8,6787,129469,276099,1555059,34113,9073,47057,479283,6413
May-04,3285013,4514,8,15920,149700,328694,1960833,51997,13673,70464,664202,25008
Jun-04,4202184,10676,55,37789,196283,384167,2446187,76840,21528,118689,845296,64674
Jul-04,5616279,12211,90,61129,265828,534989,3251279,95551,26013,191794,1096750,80645
Aug-04,5189920,10041,71,68057,246055,528734,2994135,70572,18220,149176,1028264,76595
Sep-04,3736616,11276,209,66549,184092,377711,2135444,51923,15487,108170,747031,38724
Oct-04,2978471,6144,14,45757,156230,331733,1833667,47295,16732,73628,459439,7832
Nov-04,2253271,4405,16,4856,121811,228630,1420596,33513,12362,47469,375580,4033
Dec-04,2419942,4910,5,5384,123223,275082,1422586,34593,10149,59287,481736,2987
Jan-05,1900770,3269,7,3203,103496,202006,1149006,24757,5968,46253,359915,2890
Feb-05,2064546,3386,5,3286,103391,247210,1199217,26787,6324,61188,410367,3385
Mar-05,2298874,4408,4,3769,109472,246180,1388947,35712,7781,60547,436829,5225
Apr-05,2359911,4311,24,4089,120862,260493,1435382,30589,8259,39763,450017,6122
May-05,3075618,5423,4,12472,136987,297852,1807195,45089,13073,70808,657385,29330
Jun-05,4021445,8212,26,32737,170547,374417,2304959,73301,20963,127004,843234,66045
Jul-05,5344767,10856,1246,59709,252681,504743,3053380,82993,24490,183349,1087731,83589
Aug-05,4724018,12662,2164,59849,229364,463343,2662774,59283,16695,137725,1000183,79976
Sep-05,3436087,14503,664,71710,162048,347017,1895886,43070,14694,103672,741237,41586
Oct-05,2612637,8376,215,31316,136956,304710,1583733,39427,14367,58375,428323,6839
Nov-05,2025479,4131,11,4008,109685,211840,1265702,28445,10172,41262,347342,2881
Dec-05,2295954,4964,0,5813,114682,255167,1344359,31578,9106,65000,462225,3060
Jan-06,1833564,4271,1,2940,94658,188039,1123225,24942,6324,45534,340763,2867
Feb-06,1825365,4123,4,3381,94524,215814,1071961,23906,6090,45188,357488,2886
Mar-06,2076804,3622,27,3658,106430,217937,1233039,31921,7030,58361,410254,4525
Apr-06,2297236,5298,5,4248,112128,245158,1403795,30530,7856,49291,433540,5387
May-06,2865733,7232,6,12148,122312,286859,1661752,42964,11500,77706,610314,32940
Jun-06,3755910,8473,585,32722,154680,359125,2101101,67977,18367,125394,815468,72018
Jul-06,4805944,11933,987,42505,215592,457147,2711678,72360,19883,159989,1033152,80718
Aug-06,4380312,11482,995,49425,201421,436245,2414003,58370,16127,130974,975948,85322
Sep-06,3182245,16617,675,45966,155427,336420,1719666,42867,13627,92610,716426,41944
Oct-06,2331097,6664,334,41156,129638,276840,1352065,38295,12841,60983,404782,7499
Nov-06,1855101,4405,18,5851,100852,198493,1145482,25272,9603,45357,316419,3349
Dec-06,2180900,3960,11,8632,108981,252122,1262694,29767,8975,71571,431397,2790
Jan-07,1561001,3050,4,4121,83872,172640,900826,21224,5961,49498,317297,2508
Feb-07,1543350,2517,0,4384,77878,194255,827183,20149,5257,52071,357029,2627
Mar-07,1821188,2876,1,6182,85969,195227,1030549,26767,7210,62302,399739,4366
Apr-07,1930730,3519,2,6781,92297,214654,1131308,25197,7551,54176,389624,5621
May-07,2653574,4600,7,13327,108731,275491,1463150,40539,11537,81067,615817,39308
Jun-07,3594044,6714,109,27443,149681,354983,1956339,64017,18236,132256,813440,70826
Jul-07,4370709,9833,2110,39972,209558,429326,2357892,65164,19021,172332,973989,91512
Aug-07,4237180,9083,2053,40757,199622,435646,2285008,53089,16559,142487,965614,87262
Sep-07,2986680,9200,989,61061,150948,316384,1563734,39224,13599,105586,680221,45734
Oct-07,2185303,5404,30,54442,110841,272577,1249812,36690,12238,64311,372462,6496
Nov-07,1649240,3591,36,6051,81676,186671,985036,25669,9972,46077,301277,3184
Dec-07,1840470,3822,8,7986,84558,227553,1019662,27723,8288,67732,390317,2821
Jan-08,1380869,2797,4,4241,68403,154850,774164,20097,5397,49389,299394,2133
Feb-08,1403908,3653,6,4268,61979,187909,737745,16722,5281,52327,331602,2416
Mar-08,1591223,3848,7,5932,65774,183019,878700,23037,7074,63894,355628,4310
Apr-08,1676030,4854,6,7480,74010,200284,961163,20077,6847,53825,343144,4340
May-08,2460246,4611,17,18503,88299,258917,1339261,36877,11365,80186,584512,37698
Jun-08,3129440,6922,748,28857,107497,312275,1678708,54124,16347,129259,724726,69977
Jul-08,3978381,10891,2409,43325,165000,411440,2125513,59387,17990,165972,894143,82311
Aug-08,3967054,11607,2697,45910,163076,432151,2129895,51025,15070,139755,899156,76712
Sep-08,2540740,13399,2546,69716,130401,292285,1252565,33833,13435,96741,592254,43565
Oct-08,2009357,6131,3906,31176,111913,252845,1144674,32508,13030,62652,345366,5156
Nov-08,1529740,4384,48,4850,72230,170059,909081,21654,9802,49546,285319,2767
Dec-08,1703121,4159,3,7353,75501,214536,965079,23662,8227,68921,333478,2202
Jan-09,1304991,3455,6,3828,59180,146201,731578,17322,4805,49920,286789,1907
Feb-09,1328062,2491,1,3874,58444,172573,724273,16509,5036,50668,292102,2091
Mar-09,1470066,2742,18,4598,67061,158472,829254,18955,6196,55899,323640,3231
Apr-09,1717551,3220,14,7038,74090,205761,1004419,18741,7359,55069,337410,4430
May-09,2344317,3845,26,10863,88362,243726,1281419,31956,11050,75653,565966,31451
Jun-09,2629037,5723,506,23127,114134,273382,1297549,44384,15619,121120,672535,60958
Jul-09,3513120,9767,2007,37172,159608,386407,1773236,52130,18878,161074,842410,70431
Aug-09,3339370,10227,1409,35241,164661,374193,1680553,41889,14502,125778,822859,68058
Sep-09,2416355,7360,2315,47629,150125,281003,1182231,31112,13677,92151,569099,39653
Oct-09,1772354,6322,19,35451,106075,251690,963594,26835,12283,52444,311929,5712
Nov-09,1303502,3928,27,5005,67965,156238,752829,19163,8648,41123,245422,3154
Dec-09,1556989,3805,6,6212,67449,195717,853666,20425,8335,61170,337542,2662
Jan-10,1244702,3390,10,3283,58044,139146,678438,16442,5303,44357,294266,2023
Feb-10,1372605,3009,6,3558,54640,163377,639584,14996,5345,48807,436583,2700
Mar-10,1460609,3456,12,4355,64167,165374,777502,19972,6555,57589,357626,4001
Apr-10,1633037,3000,17,7942,68482,193097,905107,18379,7494,49198,375520,4801
May-10,2187652,3103,25,12218,81461,238228,1142343,30444,11143,71098,561434,36155
Jun-10,2893275,5873,326,22499,119718,314304,1457822,47226,17309,120985,715562,71651
Jul-10,3830921,9585,1114,26281,176116,405431,1972504,54910,20325,157482,928597,78576
Aug-10,3491727,10307,617,33814,168889,393451,1751310,41118,15344,125404,873088,78385
Sep-10,2553089,10592,103,62947,134339,293668,1253816,31995,13665,93571,616077,42316
Oct-10,1930151,3684,33,32063,119751,243434,1060690,29182,13687,57820,363393,6414
Nov-10,1397497,3925,15,4579,59994,165682,809453,18658,9181,41654,281833,2523
Dec-10,1625927,3141,13,6474,64109,204749,871949,21132,8869,56447,386841,2203
Jan-11,1205792,2039,9,3419,50728,141752,648804,15127,5517,40747,295442,2208
Feb-11,1193439,2852,0,3210,47455,159349,613105,16198,5201,42695,301263,2111
Mar-11,1356547,2361,18,4215,54190,162532,729572,17893,6922,48787,326571,3486
Apr-11,1611380,4977,12,7477,59681,201371,891184,18867,7773,48258,367319,4461
May-11,2136897,4653,21,12711,70824,242091,1114864,27562,11303,70772,548712,33384
Jun-11,2906869,6482,19,27930,112512,317889,1478642,45337,14849,112321,723662,67226
Jul-11,3776101,8088,1029,33937,159431,411538,1945192,54965,17393,149384,915171,79973
Aug-11,3373611,9136,859,36882,149596,376165,1694291,43200,14603,119121,848396,81362
Sep-11,2533444,11467,194,53553,124074,299001,1252927,32902,13824,91245,614559,39698
Oct-11,1872151,3778,27,37307,101805,245245,1039181,28479,13544,56929,340364,5492
Nov-11,1397947,3236,20,4234,55309,165393,811465,20128,9300,42835,283532,2495
Dec-11,1701964,2537,18,6326,61217,206751,930442,24932,8870,57960,400908,2003
Jan-12,1229844,2257,9,3143,45256,135754,679801,18367,6034,40963,296726,1534
Feb-12,1300647,2087,3,3427,48617,176423,682554,18246,5513,43863,317839,2075
Mar-12,1453396,2845,7,4185,53045,164371,793249,20065,7135,52707,351515,4272
Apr-12,1647167,2856,40,6514,56334,202912,933836,18548,7991,50031,363967,4138
May-12,2181573,4976,40,11590,69346,238719,1167454,28968,11449,71421,542400,35210
Jun-12,3012675,5557,49,20902,110876,323633,1577310,47810,17975,119182,726332,63049
Jul-12,3615870,7704,853,31207,147937,377898,1868794,52539,19356,155911,868923,84748
Aug-12,3525676,7475,976,27591,146325,393971,1798970,44242,15814,128331,878953,83028
Sep-12,2474048,14193,69,55188,118897,279334,1218248,32246,13755,96389,603037,42692
Oct-12,1818448,4381,1026,41587,88389,241551,993858,29930,12772,58815,340977,5162
Nov-12,1381083,2798,20,3807,53054,160196,801486,21129,8467,43983,283687,2456
Dec-12,1677519,2839,23,6630,54785,205841,924451,22800,9080,59677,389650,1743
Jan-13,1215381,2445,2,3057,41835,134826,675160,17345,5590,42513,290798,1810
Feb-13,1222836,1890,9,2907,39458,160276,631378,18128,5581,45614,315619,1976
Mar-13,1503770,2308,12,4128,49818,184174,823058,22679,6736,54219,353306,3332
Apr-13,1500208,2856,13,4993,49856,182010,833025,18019,7986,50042,346988,4420
May-13,2189503,4568,14,13159,65184,255186,1144887,30894,12425,74271,551103,37812
Jun-13,2972332,5878,74,21261,105468,303769,1510188,46227,17847,118541,764512,78567
Jul-13,3614835,10780,1152,29757,141995,393893,1800425,50457,18474,155361,924868,87673
Aug-13,3659252,9425,948,26577,144339,424555,1821279,45769,15666,138550,940620,91524
Sep-13,2404546,13682,63,49816,108062,276179,1166225,30465,14087,99335,603493,43139
Oct-13,1851349,4034,21,29751,93649,248580,1023591,27198,13479,60932,344946,5168
Nov-13,1393804,3012,3,3662,47975,166548,790920,20168,9015,43654,306512,2335
Dec-13,1639199,2755,6,5965,45907,209044,891657,22676,7644,59930,391803,1812
Jan-14,1189185,2136,0,2614,37449,136442,623635,16049,5777,42875,320370,1838
Feb-14,1188099,2206,9,2906,36941,159404,607849,16610,5471,43837,311044,1822
Mar-14,1355674,3018,0,3380,39823,156356,723514,19976,6695,52433,347588,2891
Apr-14,1615335,3169,17,4873,46444,203826,895206,18138,7703,54880,377557,3522
May-14,2264944,4182,21,16598,58178,258057,1172013,27950,11419,78960,601068,36498
Jun-14,3004316,7554,53,26902,82340,331048,1520802,44376,17101,130606,773868,69666
Jul-14,3687564,10505,1136,32001,113802,421870,1842644,48269,19345,167404,949166,81422
Aug-14,3750119,10338,1187,40745,132837,438709,1870424,43882,15282,144176,970913,81626
Sep-14,2455033,17718,82,49910,110652,277132,1186568,27156,13555,102957,620769,48534
Oct-14,1951935,5038,35,35408,93413,255956,1072726,26920,13233,62170,381660,5376
Nov-14,1370006,3003,624,4422,43196,168855,766763,17744,8273,45528,308891,2707
Dec-14,1725804,3375,8,5631,47697,220995,919710,21277,8458,62606,433815,2232
Jan-15,1260127,2491,8,2713,37297,142233,674215,16417,6347,41877,334406,2123
Feb-15,1255498,2128,23,3008,35989,163136,630825,16395,4986,43583,353359,2066
Mar-15,1448210,2962,0,3275,41867,168019,770109,21427,6098,53237,377396,3820
Apr-15,1687028,3082,4,4658,46562,212460,934349,18115,7422,51680,404056,4640
May-15,2453533,7090,28,11411,62342,277802,1281552,29308,10257,79346,654050,40347
Jun-15,3306450,7753,67,29233,87880,386795,1642178,69132,14233,137787,859443,71949
Jul-15,4083433,8194,121,37000,124532,451542,2087148,51715,17357,172458,1049105,84261
Aug-15,3801481,11665,166,31603,128449,445086,1933656,42619,13219,135663,983837,75518
Sep-15,2789062,18101,41,54368,112218,318706,1412161,32484,12109,98734,686660,43480
Oct-15,2073074,4729,24,34539,91685,282073,1144914,28961,12263,59332,409351,5203
Nov-15,1510420,2630,11,4845,48209,181536,861702,18236,7591,43016,339958,2686
Footnotes:,,,,,,,,,,,,
1,"Covers the period 1972 to date monthly data. Prior to 1972 do not coincide with current definitions and methods of collection. Refer to publication 66-201 annual 1972 for further explanation. Present methods of collection are described in publication 66-001. In 1976, Canadians returning from Hawaii were included in the United States whereas in previous years they were counted as returning from other countries.",,,,,,,,,,,
7,"Travel data for NEXUS Highway, which is a program designed to expedite the border clearance process for low-risk, pre-approved travellers into Canada and the United States, are now included. Monthly data has been revised back to January 2010 to reflect this change.",,,,,,,,,,,
10,"As of January 2014, improvements in data collection procedures at Rainbow Bridge have permitted a more accurate allocation of pedestrians entering Canada between Canadian residents and residents of Overseas countries, at this port.",,,,,,,,,,,
11,"In 2013, Statistics Canada updated the method used to estimate the number of same-day and overnight commercial plane trips made by United States residents entering Canada via one of the following three airports: Pearson (Toronto), Trudeau (Montréal) and Vancouver. This change created a break in the time series on the number of same-day and overnight commercial air trips made by American residents entering Quebec, Ontario and British Columbia. Please note that the methodological update does not affect the total number of United States residents travelling to Canada by commercial air. The 2013 and 2014 data on the number of same-day and overnight commercial air trips made by United States residents, however, have been revised.",,,,,,,,,,,
Source:,,,,,,,,,,,,
"Statistics Canada. Table 427-0001 - Number of international travellers entering or returning to Canada, by type of transport, monthly (persons)",,,,,,,,,,,,
"(accessed: February 15, 2016)",,,,,,,,,,,,
